group,count,conversion_rate,avg_uplift,median_uplift,avg_p0,avg_p1,recommended_action
Lost Causes,12755,0.0,-1.7222544833029373e-10,2.2836171552683683e-10,2.4834919399008635e-08,2.466269395067834e-08,Do not target (unlikely to convert)
Takers,3200,0.03125,2.6184353167761444e-08,1.5377418767299096e-09,0.031249903492280247,0.03124992967663341,Target (high incremental ROI)
Sure Things,45,1.0,-2.2881846012524754e-07,-1.5000232067574615e-07,0.999995950104676,0.9999957212862158,Do not target (no incremental gain)
